{"stats":{"minecraft:crafted":{"minecraft:oak_planks":72,"minecraft:stone_shovel":1,"minecraft:crafting_table":4,"minecraft:wooden_pickaxe":2,"minecraft:furnace":1,"minecraft:stone_axe":3,"minecraft:air":0,"minecraft:iron_chestplate":1,"minecraft:shield":2,"minecraft:iron_axe":1,"minecraft:stick":28,"minecraft:iron_ingot":15,"minecraft:iron_pickaxe":1,"minecraft:stone_pickaxe":2,"minecraft:stone_sword":1},"minecraft:broken":{"minecraft:stone_pickaxe":1,"minecraft:chainmail_boots":1},"minecraft:picked_up":{"minecraft:stripped_oak_log":16,"minecraft:iron_chestplate":1,"minecraft:crafting_table":4,"minecraft:chainmail_boots":2,"minecraft:andesite":1,"minecraft:leather":2,"minecraft:wooden_pickaxe":7,"minecraft:oak_stairs":1,"minecraft:tuff":5,"minecraft:oak_log":87,"minecraft:yellow_bed":5,"minecraft:shield":2,"minecraft:lapis_lazuli":95,"minecraft:string":2,"minecraft:dirt":2,"minecraft:iron_axe":1,"minecraft:bone":2,"minecraft:cobbled_deepslate":117,"minecraft:raw_gold":11,"minecraft:iron_ingot":1,"minecraft:stone_pickaxe":9,"minecraft:iron_pickaxe":2,"minecraft:sugar_cane":13,"minecraft:birch_sapling":1,"minecraft:oak_planks":159,"minecraft:furnace":1,"minecraft:stick":24,"minecraft:raw_iron":142,"mythicmetals:raw_carmot":1,"minecraft:oak_door":2,"minecraft:torch":12,"mythicmetals:morkite":138,"minecraft:arrow":12,"minecraft:stone_shovel":1,"minecraft:rotten_flesh":11,"minecraft:diamond":26,"minecraft:chainmail_leggings":1,"minecraft:bread":5,"minecraft:white_terracotta":9,"minecraft:coal":26,"minecraft:cobblestone":180},"minecraft:killed_by":{"minecraft:player":1,"minecraft:skeleton":3,"minecraft:creeper":2,"minecraft:spider":1,"minecraft:zombie":7},"minecraft:used":{"minecraft:stone_sword":4,"minecraft:stone_shovel":2,"minecraft:stone_pickaxe":135,"minecraft:wooden_pickaxe":36,"minecraft:shield":21,"minecraft:white_terracotta":5,"minecraft:rotten_flesh":11,"minecraft:iron_chestplate":1,"minecraft:torch":9,"minecraft:crafting_table":5,"minecraft:tuff":4,"minecraft:iron_axe":109,"minecraft:bread":5,"minecraft:iron_pickaxe":207,"minecraft:stone_axe":13,"minecraft:cobblestone":36,"minecraft:furnace":1,"minecraft:andesite":1,"minecraft:yellow_bed":4,"minecraft:cobbled_deepslate":78},"minecraft:dropped":{"minecraft:stone_axe":1,"minecraft:raw_iron":28,"minecraft:white_terracotta":4,"minecraft:iron_pickaxe":1,"minecraft:wooden_pickaxe":1},"minecraft:mined":{"minecraft:tuff":6,"minecraft:deepslate_diamond_ore":15,"minecraft:oak_door":1,"mythicmetals:deepslate_morkite_ore":7,"minecraft:crafting_table":3,"minecraft:short_grass":3,"minecraft:grass_block":2,"minecraft:cobblestone":5,"minecraft:deepslate_gold_ore":2,"minecraft:lapis_ore":5,"minecraft:sugar_cane":5,"minecraft:oak_planks":7,"minecraft:wall_torch":1,"minecraft:white_terracotta":9,"minecraft:furnace":1,"minecraft:iron_ore":51,"minecraft:andesite":1,"minecraft:deepslate_lapis_ore":4,"minecraft:yellow_bed":5,"mythicmetals:carmot_ore":1,"minecraft:coal_ore":13,"minecraft:oak_log":87,"minecraft:deepslate_iron_ore":43,"minecraft:oak_stairs":1,"minecraft:stripped_oak_log":16,"mythicmetals:morkite_ore":16,"minecraft:stone":82,"minecraft:gold_ore":7,"minecraft:oak_leaves":6,"minecraft:deepslate":83},"minecraft:custom":{"minecraft:interact_with_furnace":9,"minecraft:mob_kills":17,"minecraft:interact_with_crafting_table":21,"minecraft:leave_game":2,"minecraft:time_since_death":27716,"minecraft:sleep_in_bed":3,"minecraft:time_since_rest":537,"minecraft:sprint_one_cm":98280,"minecraft:damage_taken":3749,"minecraft:walk_one_cm":153826,"minecraft:damage_blocked_by_shield":1150,"minecraft:drop":6,"minecraft:damage_dealt":3238,"minecraft:talked_to_villager":1,"minecraft:fly_one_cm":106562,"minecraft:open_chest":2,"minecraft:crouch_one_cm":31691,"minecraft:play_time":71960,"minecraft:deaths":16,"minecraft:sneak_time":12871,"minecraft:walk_under_water_one_cm":19033,"minecraft:jump":974,"minecraft:walk_on_water_one_cm":31280,"minecraft:total_world_time":71960,"minecraft:fall_one_cm":19460},"minecraft:killed":{"minecraft:spider":1,"minecraft:bat":1,"minecraft:skeleton":3,"minecraft:zombie":12}},"DataVersion":3955}