{"stats":{"minecraft:mined":{"minecraft:short_grass":3,"minecraft:grass_block":3},"minecraft:custom":{"minecraft:jump":77,"minecraft:time_since_rest":4521,"minecraft:crouch_one_cm":151,"minecraft:sprint_one_cm":3437,"minecraft:play_time":4521,"minecraft:damage_taken":100,"minecraft:time_since_death":4521,"minecraft:walk_one_cm":6974,"minecraft:sneak_time":20,"minecraft:total_world_time":4521,"minecraft:drop":1,"minecraft:fall_one_cm":1939,"minecraft:fly_one_cm":10235},"minecraft:picked_up":{"minecraft:wheat_seeds":1,"minecraft:dirt":3},"minecraft:used":{"minecraft:dirt":3},"minecraft:dropped":{"minecraft:wheat_seeds":1}},"DataVersion":3955}