{"stats":{"minecraft:used":{"minecraft:dirt":3},"minecraft:custom":{"minecraft:jump":135,"minecraft:time_since_rest":862,"minecraft:leave_game":1,"minecraft:deaths":1,"minecraft:crouch_one_cm":151,"minecraft:play_time":10195,"minecraft:sprint_one_cm":8725,"minecraft:damage_taken":195,"minecraft:time_since_death":834,"minecraft:walk_one_cm":9838,"minecraft:sneak_time":89,"minecraft:total_world_time":10195,"minecraft:drop":2,"minecraft:fall_one_cm":3388,"minecraft:fly_one_cm":67982},"minecraft:dropped":{"minecraft:wheat_seeds":2},"minecraft:mined":{"minecraft:tall_grass":2,"minecraft:short_grass":3,"minecraft:grass_block":3},"minecraft:picked_up":{"minecraft:wheat_seeds":2,"minecraft:dirt":3}},"DataVersion":3955}