{"stats":{"minecraft:crafted":{"minecraft:oak_planks":24,"minecraft:crafting_table":1,"minecraft:iron_helmet":1,"minecraft:iron_sword":1,"minecraft:furnace":2,"minecraft:birch_planks":28,"minecraft:bread":54,"minecraft:iron_boots":1,"minecraft:iron_chestplate":1,"minecraft:shield":2,"minecraft:iron_axe":1,"minecraft:stick":68,"minecraft:iron_ingot":28,"minecraft:iron_pickaxe":1,"minecraft:chest":1,"minecraft:iron_leggings":1,"minecraft:torch":48,"minecraft:wheat":162},"minecraft:picked_up":{"minecraft:birch_log":14,"minecraft:crafting_table":1,"minecraft:wheat":2,"minecraft:andesite":8,"minecraft:leather":15,"minecraft:wooden_pickaxe":1,"minecraft:potato":2,"minecraft:oak_log":6,"minecraft:shield":6,"minecraft:string":8,"minecraft:dirt":18,"minecraft:iron_axe":3,"minecraft:apple":4,"minecraft:wheat_seeds":19,"minecraft:cobbled_deepslate":16,"minecraft:beef":24,"minecraft:iron_ingot":25,"minecraft:stone_pickaxe":1,"minecraft:poppy":5,"minecraft:iron_pickaxe":3,"minecraft:chest":1,"minecraft:iron_sword":3,"minecraft:oak_planks":46,"minecraft:egg":7,"minecraft:stick":90,"minecraft:raw_iron":35,"minecraft:gravel":1,"minecraft:torch":84,"minecraft:porkchop":4,"minecraft:diorite":7,"minecraft:white_bed":5,"minecraft:carrot":1,"minecraft:stone_shovel":1,"minecraft:rotten_flesh":36,"minecraft:beetroot_seeds":2,"minecraft:stone_axe":6,"minecraft:iron_helmet":1,"minecraft:hay_block":18,"minecraft:granite":8,"minecraft:bread":83,"minecraft:mutton":3,"minecraft:coal":46,"minecraft:white_wool":4,"minecraft:cobblestone":73},"minecraft:killed_by":{"minecraft:zombie":4,"minecraft:iron_golem":1},"minecraft:used":{"minecraft:oak_planks":16,"minecraft:chest":1,"minecraft:shield":65,"minecraft:iron_sword":110,"minecraft:rotten_flesh":2,"minecraft:iron_chestplate":1,"minecraft:torch":53,"minecraft:dirt":13,"minecraft:mutton":3,"minecraft:crafting_table":1,"minecraft:carrot":1,"minecraft:granite":8,"minecraft:apple":9,"minecraft:iron_axe":55,"minecraft:bread":26,"minecraft:iron_pickaxe":115,"minecraft:iron_helmet":2,"minecraft:iron_boots":1,"minecraft:gravel":1,"minecraft:stone_axe":37,"minecraft:cobblestone":17,"minecraft:beef":12,"minecraft:furnace":2,"minecraft:porkchop":4,"minecraft:egg":1,"minecraft:potato":2,"minecraft:cobbled_deepslate":10,"minecraft:iron_leggings":1},"minecraft:mined":{"minecraft:white_bed":1,"minecraft:torch":6,"minecraft:granite":8,"minecraft:short_grass":27,"minecraft:grass_block":1,"minecraft:tall_grass":2,"minecraft:cobblestone":5,"minecraft:oak_planks":32,"minecraft:diorite":7,"minecraft:wall_torch":13,"minecraft:hay_block":18,"minecraft:carrots":1,"minecraft:birch_log":7,"minecraft:iron_ore":7,"minecraft:wheat":2,"minecraft:andesite":5,"minecraft:coal_ore":23,"minecraft:dirt_path":1,"minecraft:oak_log":6,"minecraft:beetroots":1,"minecraft:dirt":1,"minecraft:stone":34,"minecraft:deepslate":17,"minecraft:oak_leaves":3},"minecraft:custom":{"minecraft:interact_with_furnace":16,"minecraft:mob_kills":30,"minecraft:interact_with_crafting_table":14,"minecraft:leave_game":2,"minecraft:time_since_death":28282,"minecraft:sleep_in_bed":3,"minecraft:time_since_rest":9920,"minecraft:sprint_one_cm":154522,"minecraft:damage_taken":2783,"minecraft:walk_one_cm":240326,"minecraft:damage_blocked_by_shield":3396,"minecraft:drop":20,"minecraft:damage_dealt":8019,"minecraft:swim_one_cm":2078,"minecraft:talked_to_villager":4,"minecraft:player_kills":1,"minecraft:fly_one_cm":254484,"minecraft:open_chest":8,"minecraft:crouch_one_cm":5505,"minecraft:play_time":77793,"minecraft:deaths":5,"minecraft:sneak_time":2559,"minecraft:walk_under_water_one_cm":20888,"minecraft:jump":1556,"minecraft:walk_on_water_one_cm":32389,"minecraft:total_world_time":77793,"minecraft:fall_one_cm":44269},"minecraft:dropped":{"minecraft:bread":7,"minecraft:stone_axe":1,"minecraft:crafting_table":1,"minecraft:stone_shovel":1,"minecraft:cobblestone":13,"minecraft:leather":2,"minecraft:coal":13,"minecraft:shield":1,"minecraft:torch":10,"minecraft:chest":1,"minecraft:beef":1,"minecraft:stone_pickaxe":1,"minecraft:wooden_pickaxe":1,"minecraft:iron_pickaxe":1},"minecraft:killed":{"minecraft:pig":2,"minecraft:zombie_villager":1,"minecraft:spider":3,"minecraft:iron_golem":4,"minecraft:skeleton":1,"minecraft:sheep":2,"minecraft:zombie":7,"minecraft:drowned":2,"minecraft:player":1,"minecraft:enderman":1,"minecraft:cow":7}},"DataVersion":3955}