{"stats":{"minecraft:mined":{"minecraft:short_grass":2,"minecraft:oak_log":9,"minecraft:tall_grass":7,"minecraft:oak_leaves":1,"minecraft:crafting_table":1},"minecraft:custom":{"minecraft:time_since_rest":9845,"minecraft:crouch_one_cm":354,"minecraft:play_time":9845,"minecraft:sprint_one_cm":20943,"minecraft:damage_taken":260,"minecraft:walk_one_cm":27444,"minecraft:sneak_time":153,"minecraft:mob_kills":7,"minecraft:jump":322,"minecraft:damage_dealt":758,"minecraft:leave_game":1,"minecraft:time_since_death":9845,"minecraft:total_world_time":9845,"minecraft:fall_one_cm":12966,"minecraft:interact_with_crafting_table":2,"minecraft:fly_one_cm":50251},"minecraft:crafted":{"minecraft:wooden_sword":1,"minecraft:oak_planks":20,"minecraft:crafting_table":3,"minecraft:stick":12},"minecraft:used":{"minecraft:black_wool":1,"minecraft:wooden_sword":33,"minecraft:mutton":6,"minecraft:beef":2,"minecraft:crafting_table":1},"minecraft:picked_up":{"minecraft:crafting_table":1,"minecraft:brown_wool":1,"minecraft:wheat_seeds":2,"minecraft:beef":3,"minecraft:oak_log":9,"minecraft:black_wool":1,"minecraft:mutton":10,"minecraft:white_wool":4},"minecraft:killed":{"minecraft:sheep":6,"minecraft:cow":1}},"DataVersion":3955}