{"stats":{"minecraft:mined":{"minecraft:short_grass":2,"minecraft:oak_log":5,"minecraft:crafting_table":1},"minecraft:custom":{"minecraft:time_since_rest":6609,"minecraft:crouch_one_cm":234,"minecraft:play_time":6609,"minecraft:sprint_one_cm":12265,"minecraft:damage_taken":70,"minecraft:walk_one_cm":11746,"minecraft:sneak_time":105,"minecraft:mob_kills":1,"minecraft:jump":193,"minecraft:damage_dealt":180,"minecraft:time_since_death":6609,"minecraft:total_world_time":6609,"minecraft:fall_one_cm":6787,"minecraft:interact_with_crafting_table":2,"minecraft:fly_one_cm":30455},"minecraft:crafted":{"minecraft:wooden_sword":1,"minecraft:oak_planks":20,"minecraft:crafting_table":3,"minecraft:stick":12},"minecraft:used":{"minecraft:black_wool":1,"minecraft:wooden_sword":7,"minecraft:mutton":2,"minecraft:crafting_table":1},"minecraft:picked_up":{"minecraft:crafting_table":1,"minecraft:oak_log":5,"minecraft:black_wool":1,"minecraft:mutton":2},"minecraft:killed":{"minecraft:sheep":1}},"DataVersion":3955}