{
  "the_bumblezone:structures/enter_all_structures": {
    "criteria": {
      "in_goliath_honey_fountain": "2024-10-06 03:47:30 +0000",
      "in_mite_fortress": "2024-10-06 03:47:30 +0000"
    },
    "done": false
  },
  "mythicmetals:root": {
    "criteria": {
      "pick_up_mythic_metal": "2024-10-06 03:48:03 +0000"
    },
    "done": true
  },
  "minecraft:recipes/decorations/crafting_table": {
    "criteria": {
      "unlock_right_away": "2024-10-06 03:47:29 +0000"
    },
    "done": true
  },
  "the_bumblezone:decor/obtain_all_string_curtains": {
    "criteria": {
      "purple_string_curtain": "2024-10-06 03:50:15 +0000"
    },
    "done": false
  },
  "the_bumblezone:root": {
    "criteria": {
      "instant_granted": "2024-10-06 03:47:29 +0000"
    },
    "done": true
  },
  "the_bumblezone:wiki": {
    "criteria": {
      "instant_granted": "2024-10-06 03:47:29 +0000"
    },
    "done": true
  },
  "minecraft:adventure/adventuring_time": {
    "criteria": {
      "minecraft:forest": "2024-10-06 03:47:30 +0000",
      "minecraft:plains": "2024-10-06 03:48:03 +0000"
    },
    "done": false
  },
  "travelersbackpack:recipes/misc/ghast_smithing": {
    "criteria": {
      "has_ghast": "2024-10-06 03:50:31 +0000"
    },
    "done": true
  },
  "DataVersion": 3955
}